pid,survived,pclass,name,sex,age,sisp,pach,prefix,ticket,fare,cabin,port
1,0,3,1,0,3,1,0,14,21171,0,0,1
2,1,1,5,1,6,1,0,20,17599,7,3,2
3,1,3,4,1,4,0,0,18,3101282,0,0,1
4,1,1,5,1,5,1,0,0,113803,5,3,1
5,0,3,1,0,5,0,0,0,373450,0,0,1
6,0,3,1,0,7,0,0,0,330877,0,0,3
7,0,1,1,0,6,0,0,0,17463,5,5,1
8,0,3,3,0,0,3,1,0,349909,2,0,1
9,1,3,5,1,4,0,2,0,347742,1,0,1
10,1,2,5,1,2,1,0,0,237736,3,0,2
11,1,3,4,1,0,1,1,29,9549,1,7,1
12,1,1,4,1,6,0,0,0,113783,2,3,1
13,0,3,1,0,3,0,0,14,2151,0,0,1
14,0,3,1,0,6,1,5,0,347082,3,0,1
15,0,3,4,1,2,0,0,0,350406,0,0,1
16,1,2,5,1,6,0,0,0,248706,1,0,1
17,0,3,3,0,0,4,1,0,382652,2,0,3
18,1,2,1,0,7,0,0,0,244373,1,0,1
19,0,3,5,1,5,1,0,0,345763,1,0,1
20,1,3,5,1,7,0,0,0,2649,0,0,2
21,0,2,1,0,5,0,0,0,239865,2,0,1
22,1,2,1,0,5,0,0,0,248698,1,4,1
23,1,3,4,1,2,0,0,0,330923,0,0,3
24,1,1,1,0,5,0,0,0,113788,3,1,1
25,0,3,4,1,1,3,1,0,349909,2,0,1
26,1,3,5,1,6,1,5,0,347077,3,0,1
27,0,3,1,0,7,0,0,0,2631,0,0,2
28,0,1,1,0,3,3,2,0,19950,9,3,1
29,1,3,4,1,7,0,0,0,330959,0,0,3
30,0,3,1,0,7,0,0,0,349216,0,0,1
31,0,1,2,0,6,0,0,20,17601,2,0,2
32,1,1,5,1,7,1,0,20,17569,9,2,2
33,1,3,4,1,7,0,0,0,335677,0,0,3
34,0,2,1,0,6,0,0,12,24579,1,0,1
35,0,1,1,0,5,1,0,20,17604,8,0,2
36,0,1,1,0,6,1,0,0,113789,5,0,1
37,1,3,1,0,7,0,0,0,2677,0,0,2
38,0,3,1,0,3,0,0,14,2152,0,0,1
39,0,3,4,1,3,2,0,0,345764,1,0,1
40,1,3,4,1,2,1,0,0,2651,1,0,2
41,0,3,5,1,6,1,0,0,7546,0,0,1
42,0,2,5,1,4,1,0,0,11668,2,0,1
43,0,3,1,0,7,0,0,0,349253,0,0,2
44,1,2,4,1,0,1,2,1,2123,4,0,2
45,1,3,4,1,3,0,0,0,330958,0,0,3
46,0,3,1,0,7,0,0,21,23567,0,0,1
47,0,3,1,0,7,1,0,0,370371,1,0,3
48,1,3,4,1,7,0,0,0,14311,0,0,3
49,0,3,1,0,7,2,0,0,2662,2,0,2
50,0,3,5,1,3,1,0,0,349237,1,0,1
51,0,3,3,0,1,4,1,0,3101295,3,0,1
52,0,3,1,0,3,0,0,30,39886,0,0,1
53,1,1,5,1,6,1,0,20,17572,7,4,2
54,1,2,5,1,5,1,0,0,2926,2,0,1
55,0,1,1,0,6,0,1,0,113509,6,2,2
56,1,1,1,0,7,0,0,0,19947,3,3,1
57,1,2,4,1,3,0,0,12,31026,1,0,1
58,0,3,1,0,5,0,0,0,2697,0,0,2
59,1,2,4,1,0,1,2,12,34651,2,0,1
60,0,3,3,0,1,5,2,12,2144,4,0,1
61,0,3,1,0,3,0,0,0,2669,0,0,2
62,1,1,4,1,6,0,0,0,113572,8,2,0
63,0,1,1,0,6,1,0,0,36973,8,3,1
64,0,3,3,0,0,3,2,0,347088,2,0,1
65,0,1,1,0,7,0,0,20,17605,2,0,2
66,1,3,3,0,7,1,1,0,2661,1,0,2
67,1,2,5,1,5,0,0,12,29395,1,6,1
68,0,3,1,0,3,0,0,13,3464,0,0,1
69,1,3,4,1,2,4,2,0,3101281,0,0,1
70,0,3,1,0,4,2,0,0,315151,0,0,1
71,0,2,1,0,5,0,0,12,33111,1,0,1
72,0,3,4,1,2,5,2,12,2144,4,0,1
73,0,2,1,0,3,0,0,15,14879,7,0,1
74,0,3,1,0,4,1,0,0,2680,1,0,2
75,1,3,1,0,5,0,0,0,1601,5,0,1
76,0,3,1,0,4,0,0,0,348123,0,6,1
77,0,3,1,0,7,0,0,0,349208,0,0,1
78,0,3,1,0,7,0,0,0,374746,0,0,1
79,1,2,3,0,0,0,2,0,248738,2,0,1
80,1,3,4,1,5,0,0,0,364516,1,0,1
81,0,3,1,0,3,0,0,0,345767,0,0,1
82,1,3,1,0,5,0,0,0,345779,0,0,1
83,1,3,4,1,7,0,0,0,330932,0,0,3
84,0,1,1,0,5,0,0,0,113059,4,0,1
85,1,2,4,1,2,0,0,15,14885,1,0,1
86,1,3,5,1,5,3,0,0,3101278,1,0,1
87,0,3,1,0,2,1,3,27,6608,3,0,1
88,0,3,1,0,7,0,0,32,392086,0,0,1
89,1,1,4,1,3,3,2,0,19950,9,3,1
90,0,3,1,0,4,0,0,0,343275,0,0,1
91,0,3,1,0,5,0,0,0,343276,0,0,1
92,0,3,1,0,3,0,0,0,347466,0,0,1
93,0,1,1,0,6,1,0,33,5734,6,5,1
94,0,3,1,0,4,1,2,12,2315,2,0,1
95,0,3,1,0,6,0,0,0,364500,0,0,1
96,0,3,1,0,7,0,0,0,374910,0,0,1
97,0,1,1,0,6,0,0,20,17754,3,1,2
98,1,1,1,0,3,0,1,20,17759,6,4,2
99,1,2,5,1,5,0,1,0,231919,2,0,1
100,0,2,1,0,5,1,0,0,244367,2,0,1
101,0,3,4,1,5,0,0,0,349245,0,0,1
102,0,3,1,0,7,0,0,0,349215,0,0,1
103,0,1,1,0,3,0,1,0,35281,7,4,1
104,0,3,1,0,5,0,0,0,7540,0,0,1
105,0,3,1,0,5,2,0,0,3101276,0,0,1
106,0,3,1,0,5,0,0,0,349207,0,0,1
107,1,3,4,1,3,0,0,0,343120,0,0,1
108,1,3,1,0,7,0,0,0,312991,0,0,1
109,0,3,1,0,6,0,0,0,349249,0,0,1
110,1,3,4,1,7,1,0,0,371110,2,0,3
111,0,1,1,0,6,0,0,0,110465,5,3,1
112,0,3,4,1,2,1,0,0,2665,1,0,2
113,0,3,1,0,3,0,0,0,324669,0,0,1
114,0,3,4,1,3,1,0,0,4136,0,0,1
115,0,3,4,1,2,0,0,0,2627,1,0,2
116,0,3,1,0,3,0,0,18,3101294,0,0,1
117,0,3,1,0,6,0,0,0,370369,0,0,3
118,0,2,1,0,5,1,0,0,11668,2,0,1
119,0,1,1,0,4,0,1,20,17558,9,2,2
120,0,3,4,1,0,4,2,0,347082,3,0,1
121,0,2,1,0,3,2,0,15,14879,7,0,1
122,0,3,1,0,7,0,0,30,54510,0,0,1
123,0,2,1,0,5,1,0,0,237736,3,0,2
124,1,2,4,1,5,0,0,0,27267,1,5,1
125,0,1,1,0,6,0,1,0,35281,7,4,1
126,1,3,3,0,2,1,0,0,2651,1,0,2
127,0,3,1,0,7,0,0,0,370372,0,0,3
128,1,3,1,0,4,0,0,9,17369,0,0,1
129,1,3,4,1,7,1,1,0,2668,2,6,2
130,0,3,1,0,6,0,0,0,347061,0,0,1
131,0,3,1,0,5,0,0,0,349241,0,0,2
132,0,3,1,0,3,0,0,32,3101307,0,0,1
133,0,3,5,1,6,1,0,14,3337,1,0,1
134,1,2,5,1,5,1,0,0,228414,2,0,1
135,0,2,1,0,4,0,0,12,29178,1,0,1
136,0,2,1,0,3,0,0,1,2133,1,0,2
137,1,1,4,1,3,0,2,0,11752,2,4,1
138,0,1,1,0,5,1,0,0,113803,5,3,1
139,0,3,1,0,2,0,0,0,7534,0,0,1
140,0,1,1,0,4,0,0,20,17593,7,2,2
141,0,3,5,1,7,0,2,0,2678,1,0,2
142,1,3,4,1,3,0,0,0,347081,0,0,1
143,1,3,5,1,4,1,0,18,3101279,1,0,1
144,0,3,1,0,3,0,0,0,365222,0,0,3
145,0,2,1,0,3,0,0,0,231945,1,0,1
146,0,2,1,0,3,1,1,12,33112,3,0,1
147,1,3,1,0,4,0,0,0,350043,0,0,1
148,0,3,4,1,1,2,2,27,6608,3,0,1
149,0,2,1,0,5,0,2,0,230080,2,6,1
150,0,2,2,0,6,0,0,0,244310,1,0,1
151,0,2,2,0,6,0,0,26,1166,1,0,1
152,1,1,5,1,3,1,0,0,113776,6,3,1
153,0,3,1,0,6,0,0,14,11206,0,0,1
154,0,3,1,0,6,0,2,14,851,1,0,1
155,0,3,1,0,7,0,0,19,265302,0,0,1
156,0,1,1,0,6,0,1,20,17597,6,0,2
157,1,3,4,1,2,0,0,0,35851,0,0,3
158,0,3,1,0,5,0,0,32,392090,0,0,1
159,0,3,1,0,7,0,0,0,315037,0,0,1
160,0,3,3,0,7,8,2,12,2343,6,0,1
161,0,3,1,0,6,0,1,0,371362,1,0,1
162,1,2,5,1,6,0,0,12,33595,1,0,1
163,0,3,1,0,4,0,0,0,347068,0,0,1
164,0,3,1,0,2,0,0,0,315093,0,0,1
165,0,3,3,0,0,4,1,0,3101295,3,0,1
166,1,3,3,0,1,0,2,0,363291,2,0,1
167,1,1,5,1,7,0,1,0,113505,5,5,1
168,0,3,5,1,6,1,4,0,347088,2,0,1
169,0,1,1,0,7,0,0,20,17318,2,0,1
170,0,3,1,0,5,0,0,0,1601,5,0,1
171,0,1,1,0,6,0,0,0,111240,3,2,1
172,0,3,3,0,0,4,1,0,382652,2,0,3
173,1,3,4,1,0,1,1,0,347742,1,0,1
174,0,3,1,0,3,0,0,18,3101280,0,0,1
175,0,1,1,0,6,0,0,0,17764,3,1,2
176,0,3,1,0,3,1,1,0,350404,0,0,1
177,0,3,3,0,7,3,1,0,4133,2,0,1
178,0,1,4,1,6,0,0,20,17595,2,3,2
179,0,2,1,0,5,0,0,0,250653,1,0,1
180,0,3,1,0,5,0,0,0,0,0,0,1
181,0,3,4,1,7,8,2,12,2343,6,0,1
182,0,2,1,0,7,0,0,1,2131,1,0,2
183,0,3,3,0,1,4,2,0,347077,3,0,1
184,1,2,3,0,0,2,1,0,230136,3,6,1
185,1,3,4,1,0,0,2,0,315153,2,0,1
186,0,1,1,0,7,0,0,0,113767,5,1,1
187,1,3,5,1,7,1,0,0,370365,1,0,3
188,1,1,1,0,6,0,0,0,111428,2,0,1
189,0,3,1,0,6,1,1,0,364849,1,0,3
190,0,3,1,0,5,0,0,0,349247,0,0,1
191,1,2,5,1,5,0,0,0,234604,1,0,1
192,0,2,1,0,3,0,0,0,28424,1,0,1
193,1,3,4,1,3,1,0,0,350046,0,0,1
194,1,2,3,0,0,1,1,0,230080,2,6,1
195,1,1,5,1,6,0,0,20,17610,2,2,2
196,1,1,4,1,6,0,0,20,17569,9,2,2
197,0,3,1,0,7,0,0,0,368703,0,0,3
198,0,3,1,0,6,0,1,0,4579,0,0,1
199,1,3,4,1,7,0,0,0,370370,0,0,3
200,0,2,4,1,4,0,0,0,248747,1,0,1
201,0,3,1,0,5,0,0,0,345770,0,0,1
202,0,3,1,0,7,8,2,12,2343,6,0,1
203,0,3,1,0,5,0,0,0,3101264,0,0,1
204,0,3,1,0,6,0,0,0,2628,0,0,2
205,1,3,1,0,3,0,0,14,3540,0,0,1
206,0,3,4,1,0,0,1,0,347054,1,7,1
207,0,3,1,0,5,1,0,0,3101278,1,0,1
208,1,3,1,0,4,0,0,0,2699,1,0,2
209,1,3,4,1,2,0,0,0,367231,0,0,3
210,1,1,1,0,6,0,0,0,112277,3,1,2
211,0,3,1,0,4,0,0,32,3101311,0,0,1
212,1,2,4,1,5,0,0,6,13528,2,0,1
213,0,3,1,0,3,0,0,14,21174,0,0,1
214,0,2,1,0,5,0,0,0,250646,1,0,1
215,0,3,1,0,7,1,0,0,367229,0,0,3
216,1,1,4,1,5,1,0,0,35273,9,4,2
217,1,3,4,1,4,0,0,18,3101283,0,0,1
218,0,2,1,0,6,1,0,0,243847,2,0,1
219,1,1,4,1,5,0,0,0,11813,7,4,2
220,0,2,1,0,5,0,0,27,14208,1,0,1
221,1,3,1,0,2,0,0,32,392089,0,0,1
222,0,2,1,0,4,0,0,0,220367,1,0,1
223,0,3,1,0,6,0,0,0,21440,0,0,1
224,0,3,1,0,7,0,0,0,349234,0,0,1
225,1,1,1,0,6,1,0,0,19943,9,3,1
226,0,3,1,0,3,0,0,29,4348,0,0,1
227,1,2,1,0,3,0,0,8,751,1,0,1
228,0,3,1,0,3,0,0,14,21173,0,0,1
229,0,2,1,0,3,0,0,0,236171,1,0,1
230,0,3,4,1,7,3,1,0,4133,2,0,1
231,1,1,5,1,5,1,0,0,36973,8,3,1
232,0,3,1,0,5,0,0,0,347067,0,0,1
233,0,2,1,0,6,0,0,0,237442,1,0,1
234,1,3,4,1,0,4,2,0,347077,3,0,1
235,0,2,1,0,4,0,0,12,29566,1,0,1
236,0,3,4,1,7,0,0,27,6609,0,0,1
237,0,2,1,0,6,1,0,0,26707,2,0,1
238,1,2,4,1,1,0,2,12,31921,2,0,1
239,0,2,1,0,3,0,0,0,28665,1,0,1
240,0,2,1,0,5,0,0,23,1585,1,0,1
241,0,3,4,1,7,1,0,0,2665,1,0,2
242,1,3,4,1,7,1,0,0,367230,1,0,3
243,0,2,1,0,5,0,0,27,14263,1,0,1
244,0,3,1,0,3,0,0,18,3101275,0,0,1
245,0,3,1,0,5,0,0,0,2694,0,0,2
246,0,1,2,0,6,2,0,0,19928,9,3,3
247,0,3,4,1,4,0,0,0,347071,0,0,1
248,1,2,5,1,4,0,2,0,250649,1,0,1
249,1,1,1,0,5,1,1,0,11751,5,4,1
250,0,2,2,0,6,1,0,0,244252,2,0,1
251,0,3,1,0,7,0,0,0,362316,0,0,1
252,0,3,5,1,5,1,1,0,347054,1,7,1
253,0,1,1,0,6,0,0,0,113514,2,3,1
254,0,3,1,0,5,1,0,14,3336,1,0,1
255,0,3,5,1,6,0,2,0,370129,2,0,1
256,1,3,5,1,5,0,2,0,2650,1,0,2
257,1,1,5,1,7,0,0,20,17585,7,0,2
258,1,1,4,1,5,0,0,0,110152,8,2,1
259,1,1,4,1,5,0,0,20,17755,9,0,2
260,1,2,5,1,6,0,1,0,230433,2,0,1
261,0,3,1,0,7,0,0,0,384461,0,0,3
262,1,3,3,0,0,4,2,0,347077,3,0,1
263,0,1,1,0,6,1,1,0,110413,7,5,1
264,0,1,1,0,6,0,0,0,112059,0,2,1
265,0,3,4,1,7,0,0,0,382649,0,0,3
266,0,2,1,0,5,0,0,12,17248,1,0,1
267,0,3,1,0,2,4,1,0,3101295,3,0,1
268,1,3,1,0,4,1,0,0,347083,0,0,1
269,1,1,5,1,6,0,1,20,17582,9,3,1
270,1,1,4,1,5,0,0,20,17760,9,3,1
271,0,1,1,0,7,0,0,0,113798,3,0,1
272,1,3,1,0,4,0,0,0,0,0,0,1
273,1,2,5,1,6,0,1,0,250644,1,0,1
274,0,1,1,0,5,0,1,20,17596,2,3,2
275,1,3,4,1,7,0,0,0,370375,0,0,3
276,1,1,4,1,6,1,0,0,13502,7,4,1
277,0,3,4,1,6,0,0,0,347073,0,0,1
278,0,2,1,0,7,0,0,0,239853,0,0,1
279,0,3,3,0,1,4,1,0,382652,2,0,3
280,1,3,5,1,5,1,1,12,2673,2,0,1
281,0,3,1,0,6,0,0,0,336439,0,0,3
282,0,3,1,0,5,0,0,0,347464,0,0,1
283,0,3,1,0,2,0,0,0,345778,0,0,1
284,1,3,1,0,3,0,0,14,10482,0,0,1
285,0,1,1,0,7,0,0,0,113056,2,1,1
286,0,3,1,0,5,0,0,0,349239,0,0,2
287,1,3,1,0,5,0,0,0,345774,0,0,1
288,0,3,1,0,3,0,0,0,349206,0,0,1
289,1,2,1,0,6,0,0,0,237798,1,0,1
290,1,3,4,1,3,0,0,0,370373,0,0,3
291,1,1,4,1,4,0,0,0,19877,7,0,1
292,1,1,5,1,3,1,0,0,11967,9,2,2
293,0,2,1,0,5,0,0,1,2163,1,4,2
294,0,3,4,1,4,0,0,0,349236,0,0,1
295,0,3,1,0,4,0,0,0,349233,0,0,1
296,0,1,1,0,7,0,0,20,17612,2,0,2
297,0,3,1,0,3,0,0,0,2693,0,0,2
298,0,1,4,1,0,1,2,0,113781,9,3,1
299,1,1,1,0,7,0,0,0,19988,3,3,1
300,1,1,5,1,6,0,1,20,17558,9,2,2
301,1,3,4,1,7,0,0,0,9234,0,0,3
302,1,3,1,0,7,2,0,0,367226,2,0,3
303,0,3,1,0,3,0,0,0,0,0,0,1
304,1,2,4,1,7,0,0,0,226593,1,5,3
305,0,3,1,0,7,0,0,14,2466,0,0,1
306,1,1,3,0,0,1,2,0,113781,9,3,1
307,1,1,4,1,7,0,0,0,17421,9,0,2
308,1,1,5,1,2,1,0,20,17758,9,3,2
309,0,2,1,0,5,1,0,11,3381,2,0,2
310,1,1,4,1,5,0,0,20,17485,5,5,2
311,1,1,4,1,4,0,0,0,11767,8,3,2
312,1,1,4,1,3,2,2,20,17608,9,2,2
313,0,2,5,1,4,1,1,0,250651,2,0,1
314,0,3,1,0,5,0,0,0,349243,0,0,1
315,0,2,1,0,6,1,1,6,13529,2,0,1
316,1,3,4,1,4,0,0,0,347470,0,0,1
317,1,2,5,1,4,1,0,0,244367,2,0,1
318,0,2,2,0,6,0,0,0,29011,1,0,1
319,1,1,4,1,5,0,2,0,36928,9,3,1
320,1,1,5,1,6,1,1,0,16966,9,5,2
321,0,3,1,0,3,0,0,14,21172,0,0,1
322,0,3,1,0,4,0,0,0,349219,0,0,1
323,1,2,4,1,5,0,0,0,234818,1,0,3
324,1,2,5,1,3,1,1,0,248738,2,0,1
325,0,3,1,0,7,8,2,12,2343,6,0,1
326,1,1,4,1,5,0,0,20,17760,9,3,2
327,0,3,1,0,6,0,0,0,345364,0,0,1
328,1,2,5,1,5,0,0,0,28551,1,4,1
329,1,3,5,1,5,1,1,0,363291,2,0,1
330,1,1,4,1,2,0,1,0,111361,5,2,2
331,1,3,4,1,7,2,0,0,367226,2,0,3
332,0,1,1,0,6,0,0,0,113043,2,3,1
333,0,1,1,0,6,0,1,20,17582,9,3,1
334,0,3,1,0,2,2,0,0,345764,1,0,1
335,1,1,5,1,7,1,0,20,17611,9,0,1
336,0,3,1,0,7,0,0,0,349225,0,0,1
337,0,1,1,0,5,1,0,0,113776,6,3,1
338,1,1,4,1,6,0,0,0,16966,9,5,2
339,1,3,1,0,6,0,0,0,7598,0,0,1
340,0,1,1,0,6,0,0,0,113784,3,8,1
341,1,2,3,0,0,1,1,0,230080,2,6,1
342,1,1,4,1,4,3,2,0,19950,9,3,1
343,0,2,1,0,5,0,0,0,248740,1,0,1
344,0,2,1,0,4,0,0,0,244361,1,0,1
345,0,2,1,0,5,0,0,0,229236,1,0,1
346,1,2,4,1,4,0,0,0,248733,1,6,1
347,1,2,4,1,6,0,0,0,31418,1,0,1
348,1,3,5,1,7,1,0,0,386525,1,0,1
349,1,3,3,0,0,1,1,12,37671,1,0,1
350,0,3,1,0,6,0,0,0,315088,0,0,1
351,0,3,1,0,3,0,0,0,7267,0,0,1
352,0,1,1,0,7,0,0,0,113510,3,3,1
353,0,3,1,0,2,1,1,0,2695,0,0,2
354,0,3,1,0,4,1,0,0,349237,1,0,1
355,0,3,1,0,7,0,0,0,2647,0,0,2
356,0,3,1,0,5,0,0,0,345783,0,0,1
357,1,1,4,1,3,0,1,0,113505,5,5,1
358,0,2,4,1,6,0,0,0,237671,1,0,1
359,1,3,4,1,7,0,0,0,330931,0,0,3
360,1,3,4,1,7,0,0,0,330980,0,0,3
361,0,3,1,0,6,1,4,0,347088,2,0,1
362,0,2,1,0,5,1,0,1,2167,2,0,2
363,0,3,5,1,6,0,1,0,2691,1,0,2
364,0,3,1,0,5,0,0,32,3101310,0,0,1
365,0,3,1,0,7,1,0,0,370365,1,0,3
366,0,3,1,0,5,0,0,9,7076,0,0,1
367,1,1,5,1,6,1,0,0,110813,7,4,2
368,1,3,5,1,7,0,0,0,2626,0,0,2
369,1,3,4,1,7,0,0,0,14313,0,0,3
370,1,1,5,1,4,0,0,20,17477,6,2,2
371,1,1,1,0,4,1,0,0,11765,5,5,2
372,0,3,1,0,3,1,0,0,3101267,0,0,1
373,0,3,1,0,3,0,0,0,323951,0,0,1
374,0,1,1,0,3,0,0,20,17760,9,0,2
375,0,3,4,1,0,3,1,0,349909,2,0,1
376,1,1,5,1,7,1,0,20,17604,8,0,2
377,1,3,4,1,3,0,0,9,7077,0,0,1
378,0,1,1,0,4,0,2,0,113503,9,3,2
379,0,3,1,0,3,0,0,0,2648,0,0,2
380,0,3,1,0,3,0,0,0,347069,0,0,1
381,1,1,4,1,6,0,0,20,17757,9,0,2
382,1,3,4,1,0,0,2,0,2653,1,0,2
383,0,3,1,0,5,0,0,18,3101293,0,0,1
384,1,1,5,1,5,1,0,0,113789,5,0,1
385,0,3,1,0,7,0,0,0,349227,0,0,1
386,0,2,1,0,3,0,0,15,14879,7,0,1
387,0,3,3,0,0,5,2,12,2144,4,0,1
388,1,2,4,1,5,0,0,0,27849,1,0,1
389,0,3,1,0,7,0,0,0,367655,0,0,3
390,1,2,4,1,2,0,0,2,1748,1,0,2
391,1,1,1,0,5,1,2,0,113760,9,2,1
392,1,3,1,0,3,0,0,0,350034,0,0,1
393,0,3,1,0,5,2,0,0,3101277,0,0,1
394,1,1,4,1,3,1,0,0,35273,9,4,2
395,1,3,5,1,4,0,2,29,9549,1,7,1
396,0,3,1,0,3,0,0,0,350052,0,0,1
397,0,3,4,1,5,0,0,0,350407,0,0,1
398,0,2,1,0,6,0,0,0,28403,2,0,1
399,0,2,2,0,3,0,0,0,244278,1,0,1
400,1,2,5,1,5,0,0,0,240929,1,0,1
401,1,3,1,0,6,0,0,18,3101289,0,0,1
402,0,3,1,0,4,0,0,0,341826,0,0,1
403,0,3,4,1,3,1,0,0,4137,0,0,1
404,0,3,1,0,5,1,0,18,3101279,1,0,1
405,0,3,4,1,3,0,0,0,315096,0,0,1
406,0,2,1,0,5,1,0,0,28664,2,0,1
407,0,3,1,0,6,0,0,0,347064,0,0,1
408,1,2,3,0,0,1,1,0,29106,1,0,1
409,0,3,1,0,3,0,0,0,312992,0,0,1
410,0,3,4,1,7,3,1,0,4133,2,0,1
411,0,3,1,0,7,0,0,0,349222,0,0,1
412,0,3,1,0,7,0,0,0,394140,0,0,3
413,1,1,4,1,5,1,0,0,19928,9,3,3
414,0,2,1,0,7,0,0,0,239853,0,0,1
415,1,3,1,0,6,0,0,18,3101269,0,0,1
416,0,3,5,1,7,0,0,0,343095,0,0,1
417,1,2,5,1,5,1,1,0,28220,3,0,1
418,1,2,4,1,3,0,2,0,250652,1,0,1
419,0,2,1,0,5,0,0,0,28228,1,0,1
420,0,3,4,1,1,0,2,0,345773,2,0,1
421,0,3,1,0,7,0,0,0,349254,0,0,2
422,0,3,1,0,3,0,0,14,13032,0,0,3
423,0,3,1,0,5,0,0,0,315082,0,0,1
424,0,3,5,1,5,1,1,0,347080,1,0,1
425,0,3,1,0,3,1,1,0,370129,2,0,1
426,0,3,1,0,7,0,0,30,34244,0,0,1
427,1,2,5,1,5,1,0,0,2003,2,0,1
428,1,2,4,1,3,0,0,0,250655,2,0,1
429,0,3,1,0,7,0,0,0,364851,0,0,3
430,1,3,1,0,5,0,0,32,392078,0,5,1
431,1,1,1,0,5,0,0,0,110564,2,3,1
432,1,3,5,1,7,1,0,0,376564,1,0,1
433,1,2,5,1,6,1,0,24,3085,2,0,1
434,0,3,1,0,2,0,0,18,3101274,0,0,1
435,0,1,1,0,6,1,0,0,13507,5,5,1
436,1,1,4,1,2,1,2,0,113760,9,2,1
437,0,3,4,1,3,2,2,27,6608,3,0,1
438,1,2,5,1,4,2,3,0,29106,1,0,1
439,0,1,1,0,6,1,4,0,19950,9,3,1
440,0,2,1,0,5,0,0,12,18723,1,0,1
441,1,2,5,1,6,1,1,6,13529,2,0,1
442,0,3,1,0,3,0,0,0,345769,0,0,1
443,0,3,1,0,4,1,0,0,347076,0,0,1
444,1,2,4,1,5,0,0,0,230434,1,0,1
445,1,3,1,0,7,0,0,0,65306,0,0,1
446,1,1,3,0,0,0,2,0,33638,8,1,1
447,1,2,4,1,2,0,1,0,250644,1,0,1
448,1,1,1,0,5,0,0,0,113794,2,0,1
449,1,3,4,1,0,2,1,0,2666,1,0,2
450,1,1,2,0,6,0,0,0,113786,3,3,1
451,0,2,1,0,5,1,2,12,34651,2,0,1
452,0,3,1,0,7,1,0,0,65303,1,0,1
453,0,1,1,0,5,0,0,0,113051,2,3,2
454,1,1,1,0,6,1,0,0,17453,8,3,2
455,0,3,1,0,7,0,0,14,2817,0,0,1
456,1,3,1,0,5,0,0,0,349240,0,0,2
457,0,1,1,0,6,0,0,0,13509,2,5,1
458,1,1,5,1,7,1,0,0,17464,5,4,1
459,1,2,4,1,6,0,0,6,13531,1,0,1
460,0,3,1,0,7,0,0,0,371060,0,0,3
461,1,1,1,0,6,0,0,0,19952,2,5,1
462,0,3,1,0,5,0,0,0,364506,0,0,1
463,0,1,1,0,6,0,0,0,111320,3,5,1
464,0,2,1,0,6,0,0,0,234360,1,0,1
465,0,3,1,0,7,0,0,31,2816,0,0,1
466,0,3,1,0,6,0,0,32,3101306,0,0,1
467,0,2,1,0,7,0,0,0,239853,0,0,1
468,0,1,1,0,6,0,0,0,113792,2,0,1
469,0,3,1,0,7,0,0,0,36209,0,0,3
470,1,3,4,1,0,2,1,0,2666,1,0,2
471,0,3,1,0,7,0,0,0,323592,0,0,1
472,0,3,1,0,6,0,0,0,315089,0,0,1
473,1,2,5,1,5,1,2,12,34651,2,0,1
474,1,2,5,1,3,0,0,36,541,1,4,2
475,0,3,4,1,3,0,0,0,7553,0,0,1
476,0,1,1,0,7,0,0,0,110465,5,1,1
477,0,2,1,0,5,1,0,0,31027,2,0,1
478,0,3,1,0,5,1,0,0,3460,0,0,1
479,0,3,1,0,3,0,0,0,350060,0,0,1
480,1,3,4,1,0,0,1,0,3101298,1,0,1
481,0,3,3,0,1,5,2,12,2144,4,0,1
482,0,2,1,0,7,0,0,0,239854,0,0,1
483,0,3,1,0,6,0,0,14,3594,0,0,1
484,1,3,5,1,6,0,0,0,4134,0,0,1
485,1,1,1,0,4,1,0,0,11967,9,2,2
486,0,3,4,1,7,3,1,0,4133,2,0,1
487,1,1,5,1,5,1,0,0,19943,9,3,1
488,0,1,1,0,6,0,0,0,11771,2,2,2
489,0,3,1,0,5,0,0,14,18509,0,0,1
490,1,3,3,0,1,1,1,12,37671,1,0,1
491,0,3,1,0,7,1,0,0,65304,1,0,1
492,0,3,1,0,3,0,0,32,3101317,0,0,1
493,0,1,1,0,6,0,0,0,113787,3,3,1
494,0,1,1,0,6,0,0,20,17609,4,0,2
495,0,3,1,0,3,0,0,30,45380,0,0,1
496,0,3,1,0,7,0,0,0,2627,1,0,2
497,1,1,4,1,6,1,0,0,36947,7,4,2
498,0,3,1,0,7,0,0,12,6212,1,0,1
499,0,1,5,1,4,1,2,0,113781,9,3,1
500,0,3,1,0,4,0,0,0,350035,0,0,1
501,0,3,1,0,2,0,0,0,315086,0,0,1
502,0,3,4,1,3,0,0,0,364846,0,0,3
503,0,3,4,1,7,0,0,0,330909,0,0,3
504,0,3,4,1,5,0,0,0,4135,0,0,1
505,1,1,4,1,2,0,0,0,110152,8,2,1
506,0,1,1,0,3,1,0,20,17758,9,3,2
507,1,2,5,1,5,0,2,0,26360,2,0,1
508,1,1,1,0,7,0,0,0,111427,2,0,1
509,0,3,1,0,5,0,0,9,4001,2,0,1
510,1,3,1,0,4,0,0,0,1601,5,0,1
511,1,3,1,0,5,0,0,0,382651,0,0,3
512,0,3,1,0,7,0,0,32,3101316,0,0,1
513,1,1,1,0,5,0,0,20,17473,2,5,1
514,1,1,5,1,6,1,0,20,17603,5,0,2
515,0,3,1,0,4,0,0,0,349209,0,0,1
516,0,1,1,0,6,0,0,0,36967,3,4,1
517,1,2,5,1,5,0,0,12,34260,1,6,1
518,0,3,1,0,7,0,0,0,371110,2,0,3
519,1,2,5,1,5,1,0,0,226875,2,0,1
520,0,3,1,0,5,0,0,0,349242,0,0,1
521,1,1,4,1,5,0,0,0,12749,9,2,1
522,0,3,1,0,3,0,0,0,349252,0,0,1
523,0,3,1,0,7,0,0,0,2624,0,0,2
524,1,1,5,1,6,0,1,0,111361,5,2,2
525,0,3,1,0,7,0,0,0,2700,0,0,2
526,0,3,1,0,6,0,0,0,367232,0,0,3
527,1,2,4,1,6,0,0,27,14258,1,0,1
528,0,1,1,0,7,0,0,20,17483,9,3,1
529,0,3,1,0,6,0,0,0,3101296,0,0,1
530,0,2,1,0,3,2,1,0,29104,1,0,1
531,1,2,4,1,0,1,1,0,26360,2,0,1
532,0,3,1,0,7,0,0,0,2641,0,0,2
533,0,3,1,0,2,1,1,0,2690,0,0,2
534,1,3,5,1,7,0,2,0,2668,2,0,2
535,0,3,4,1,5,0,0,0,315084,0,0,1
536,1,2,4,1,1,0,2,6,13529,2,0,1
537,0,1,2,0,6,0,0,0,113050,2,2,1
538,1,1,4,1,5,0,0,20,17761,9,0,2
539,0,3,1,0,7,0,0,0,364498,1,0,1
540,1,1,4,1,3,0,2,0,13568,4,2,2
541,1,1,4,1,5,0,2,33,5735,7,2,1
542,0,3,4,1,1,4,2,0,347082,3,0,1
543,0,3,4,1,1,4,2,0,347082,3,0,1
544,1,2,1,0,5,1,0,0,2908,2,0,1
545,0,1,1,0,6,1,0,20,17761,9,3,2
546,0,1,1,0,6,0,0,0,693,2,0,1
547,1,2,5,1,3,1,0,0,2908,2,0,1
548,1,2,1,0,7,0,0,1,2146,1,0,2
549,0,3,1,0,5,1,1,0,363291,2,0,1
550,1,2,3,0,1,1,1,12,33112,3,0,1
551,1,1,1,0,2,0,2,0,17421,9,3,2
552,0,2,1,0,4,0,0,0,244358,2,0,1
553,0,3,1,0,7,0,0,0,330979,0,0,3
554,1,3,1,0,3,0,0,0,2620,0,0,2
555,1,3,4,1,3,0,0,0,347085,0,0,1
556,0,1,1,0,6,0,0,0,113807,2,0,1
557,1,1,5,1,6,1,0,0,11755,3,1,2
558,0,1,1,0,7,0,0,20,17757,9,0,2
559,1,1,5,1,6,1,1,0,110413,7,5,1
560,1,3,5,1,5,1,0,0,345572,1,0,1
561,0,3,1,0,7,0,0,0,372622,0,0,3
562,0,3,1,0,6,0,0,0,349251,0,0,1
563,0,2,1,0,5,0,0,0,218629,1,0,1
564,0,3,1,0,7,0,0,32,392082,0,0,1
565,0,3,4,1,7,0,0,32,392087,0,0,1
566,0,3,1,0,4,2,0,30,48871,2,0,1
567,0,3,1,0,3,0,0,0,349205,0,0,1
568,0,3,5,1,5,0,4,0,349909,2,0,1
569,0,3,1,0,7,0,0,0,2686,0,0,2
570,1,3,1,0,5,0,0,0,350417,0,0,1
571,1,2,1,0,6,0,0,8,752,1,0,1
572,1,1,5,1,6,2,0,0,11769,5,3,1
573,1,1,1,0,5,0,0,20,17474,2,5,1
574,1,3,4,1,7,0,0,0,14312,0,0,3
575,0,3,1,0,2,0,0,30,20589,0,0,1
576,0,3,1,0,3,0,0,0,358585,1,0,1
577,1,2,4,1,5,0,0,0,243880,1,0,1
578,1,1,5,1,6,1,0,0,13507,5,5,1
579,0,3,5,1,7,1,0,0,2689,1,0,2
580,1,3,1,0,5,0,0,18,3101286,0,0,1
581,1,2,4,1,4,1,1,0,237789,3,0,1
582,1,1,5,1,6,1,1,0,17421,9,3,2
583,0,2,1,0,6,0,0,0,28403,2,0,1
584,0,1,1,0,5,0,0,0,13049,4,1,2
585,0,3,1,0,7,0,0,0,3411,0,0,2
586,1,1,4,1,3,0,2,0,110413,7,5,1
587,0,2,1,0,6,0,0,0,237565,1,0,1
588,1,1,1,0,6,1,1,0,13567,7,2,2
589,0,3,1,0,3,0,0,0,14973,0,0,1
590,0,3,1,0,7,0,0,14,3235,0,0,1
591,0,3,1,0,5,0,0,18,3101273,0,0,1
592,1,1,5,1,6,1,0,0,36947,7,4,2
593,0,3,1,0,6,0,0,14,3902,0,0,1
594,0,3,4,1,7,0,2,0,364848,0,0,3
595,0,2,1,0,5,1,0,24,29037,2,0,1
596,0,3,1,0,5,1,1,0,345773,2,0,1
597,1,2,4,1,7,0,0,0,248727,3,0,1
598,0,3,1,0,6,0,0,0,0,0,0,1
599,0,3,1,0,7,0,0,0,2664,0,0,2
600,1,1,2,0,6,1,0,20,17485,5,1,2
601,1,2,5,1,4,2,1,0,243847,2,0,1
602,0,3,1,0,7,0,0,0,349214,0,0,1
603,0,1,1,0,7,0,0,0,113796,4,0,1
604,0,3,1,0,6,0,0,0,364511,0,0,1
605,1,1,1,0,5,0,0,0,111426,2,0,2
606,0,3,1,0,5,1,0,0,349910,1,0,1
607,0,3,1,0,5,0,0,0,349246,0,0,1
608,1,1,1,0,4,0,0,0,113804,3,0,1
609,1,2,5,1,3,1,2,1,2123,4,0,2
610,1,1,4,1,6,0,0,20,17582,9,3,1
611,0,3,5,1,6,1,5,0,347082,3,0,1
612,0,3,1,0,7,0,0,32,3101305,0,0,1
613,1,3,4,1,7,1,0,0,367230,1,0,3
614,0,3,1,0,7,0,0,0,370377,0,0,3
615,0,3,1,0,5,0,0,0,364512,0,0,1
616,1,2,4,1,4,1,2,0,220845,6,0,1
617,0,3,1,0,5,1,1,0,347080,1,0,1
618,0,3,5,1,4,1,0,14,3336,1,0,1
619,1,2,4,1,0,2,1,0,230136,3,6,1
620,0,2,1,0,4,0,0,0,31028,1,0,1
621,0,3,1,0,4,1,0,0,2659,1,0,2
622,1,1,1,0,6,1,0,0,11753,5,4,1
623,1,3,1,0,3,1,1,0,2653,1,0,2
624,0,3,1,0,3,0,0,0,350029,0,0,1
625,0,3,1,0,3,0,0,0,54636,1,0,1
626,0,1,1,0,6,0,0,0,36963,3,4,1
627,0,2,2,0,6,0,0,0,219533,1,0,3
628,1,1,4,1,3,0,0,0,13502,7,4,1
629,0,3,1,0,4,0,0,0,349224,0,0,1
630,0,3,1,0,7,0,0,0,334912,0,0,3
631,1,1,1,0,6,0,0,0,27042,3,1,1
632,0,3,1,0,6,0,0,0,347743,0,0,1
633,1,1,2,0,5,0,0,0,13214,3,2,2
634,0,1,1,0,7,0,0,0,112052,0,0,1
635,0,3,4,1,1,3,2,0,347088,2,0,1
636,1,2,4,1,5,0,0,0,237668,1,0,1
637,0,3,1,0,5,0,0,18,3101292,0,0,1
638,0,2,1,0,5,1,1,12,31921,2,0,1
639,0,3,5,1,6,0,5,0,3101295,3,0,1
640,0,3,1,0,7,1,0,0,376564,1,0,1
641,0,3,1,0,3,0,0,0,350050,0,0,1
642,1,1,4,1,4,0,0,20,17477,6,2,2
643,0,3,4,1,0,3,2,0,347088,2,0,1
644,1,3,1,0,7,0,0,0,1601,5,0,1
645,1,3,4,1,0,2,1,0,2666,1,0,2
646,1,1,1,0,6,1,0,20,17572,7,4,2
647,0,3,1,0,3,0,0,0,349231,0,0,1
648,1,1,2,0,6,0,0,0,13213,3,1,2
649,0,3,1,0,7,0,0,34,751,0,0,1
650,1,3,4,1,3,0,0,12,2314,0,0,1
651,0,3,1,0,7,0,0,0,349221,0,0,1
652,1,2,4,1,3,0,1,0,231919,2,0,1
653,0,3,1,0,3,0,0,0,8475,0,0,1
654,1,3,4,1,7,0,0,0,330919,0,0,3
655,0,3,4,1,3,0,0,0,365226,0,0,3
656,0,2,1,0,4,2,0,15,14879,7,0,1
657,0,3,1,0,7,0,0,0,349223,0,0,1
658,0,3,5,1,5,1,1,0,364849,1,0,3
659,0,2,1,0,3,0,0,0,29751,1,0,1
660,0,1,1,0,6,0,2,0,35273,9,4,2
661,1,1,2,0,6,2,0,20,17611,9,0,1
662,0,3,1,0,6,0,0,0,2623,0,0,2
663,0,1,1,0,6,0,0,0,5727,2,5,1
664,0,3,1,0,5,0,0,0,349210,0,0,1
665,1,3,1,0,3,1,0,18,3101285,0,0,1
666,0,2,1,0,5,2,0,15,14879,7,0,1
667,0,2,1,0,4,0,0,0,234686,1,0,1
668,0,3,1,0,7,0,0,0,312993,0,0,1
669,0,3,1,0,6,0,0,14,3536,0,0,1
670,1,1,5,1,7,1,0,0,19996,5,3,1
671,1,2,5,1,6,1,1,0,29750,3,0,1
672,0,1,1,0,5,1,0,3,12750,5,2,1
673,0,2,1,0,6,0,0,12,24580,1,0,1
674,1,2,1,0,5,0,0,0,244270,1,0,1
675,0,2,1,0,7,0,0,0,239856,0,0,1
676,0,3,1,0,3,0,0,0,349912,0,0,1
677,0,3,1,0,4,0,0,0,342826,0,0,1
678,1,3,4,1,3,0,0,0,4138,0,0,1
679,0,3,5,1,6,1,6,12,2144,4,0,1
680,1,1,1,0,5,0,1,20,17755,9,2,2
681,0,3,4,1,7,0,0,0,330935,0,0,3
682,1,1,1,0,4,0,0,20,17572,7,4,2
683,0,3,1,0,3,0,0,0,6563,0,0,1
684,0,3,1,0,2,5,2,12,2144,4,0,1
685,0,2,1,0,6,1,1,0,29750,3,0,1
686,0,2,1,0,4,1,2,1,2123,4,0,2
687,0,3,1,0,2,4,1,0,3101295,3,0,1
688,0,3,1,0,3,0,0,0,349228,1,0,1
689,0,3,1,0,3,0,0,0,350036,0,0,1
690,1,1,4,1,2,0,1,0,24160,9,2,1
691,1,1,1,0,5,1,0,0,17474,5,2,1
692,1,3,4,1,0,0,1,0,349256,1,0,2
693,1,3,1,0,7,0,0,0,1601,5,0,1
694,0,3,1,0,4,0,0,0,2672,0,0,2
695,0,1,2,0,6,0,0,0,113800,2,0,1
696,0,2,1,0,6,0,0,0,248731,1,0,1
697,0,3,1,0,6,0,0,0,363592,0,0,1
698,1,3,4,1,7,0,0,0,35852,0,0,3
699,0,1,1,0,6,1,1,0,17421,9,3,2
700,0,3,1,0,6,0,0,0,348121,0,6,1
701,1,1,5,1,3,1,0,20,17757,9,3,2
702,1,1,1,0,5,0,0,20,17475,2,5,1
703,0,3,4,1,3,0,1,0,2691,1,0,2
704,0,3,1,0,4,0,0,0,36864,0,0,3
705,0,3,1,0,4,1,0,0,350025,0,0,1
706,0,2,1,0,6,0,0,0,250655,2,0,1
707,1,2,5,1,6,0,0,0,223596,1,0,1
708,1,1,1,0,6,0,0,20,17476,2,5,1
709,1,1,4,1,3,0,0,0,113781,9,0,1
710,1,3,3,0,7,1,1,0,2661,1,0,2
711,1,1,4,1,4,0,0,20,17482,4,3,2
712,0,1,1,0,7,0,0,0,113028,2,3,1
713,1,1,1,0,6,1,0,0,19996,5,3,1
714,0,3,1,0,5,0,0,0,7545,0,0,1
715,0,2,1,0,6,0,0,0,250647,1,0,1
716,0,3,1,0,3,0,0,0,348124,0,6,1
717,1,1,4,1,6,0,0,20,17757,9,3,2
718,1,2,4,1,4,0,0,0,34218,1,5,1
719,0,3,1,0,7,0,0,0,36568,1,0,3
720,0,3,1,0,5,0,0,0,347062,0,0,1
721,1,2,4,1,1,0,1,0,248727,3,0,1
722,0,3,1,0,2,1,0,0,350048,0,0,1
723,0,2,1,0,5,0,0,0,12233,1,0,1
724,0,2,1,0,6,0,0,0,250643,1,0,1
725,1,1,1,0,4,1,0,0,113806,5,5,1
726,0,3,1,0,3,0,0,0,315094,0,0,1
727,1,2,5,1,5,3,0,0,31027,2,0,1
728,1,3,4,1,7,0,0,0,36866,0,0,3
729,0,2,1,0,4,1,0,0,236853,2,0,1
730,0,3,4,1,4,1,0,18,3101271,0,0,1
731,1,1,4,1,5,0,0,0,24160,9,2,1
732,0,3,1,0,1,0,0,0,2699,1,0,2
733,0,2,1,0,7,0,0,0,239855,0,0,1
734,0,2,1,0,3,0,0,0,28425,1,0,1
735,0,2,1,0,3,0,0,0,233639,1,0,1
736,0,3,1,0,5,0,0,0,54636,1,0,1
737,0,3,5,1,6,1,3,27,6608,3,0,1
738,1,1,1,0,5,0,0,20,17755,9,2,2
739,0,3,1,0,7,0,0,0,349201,0,0,1
740,0,3,1,0,7,0,0,0,349218,0,0,1
741,1,1,1,0,7,0,0,0,16988,3,4,1
742,0,1,1,0,5,1,0,0,19877,7,3,1
743,1,1,4,1,3,2,2,20,17608,9,2,2
744,0,3,1,0,4,1,0,0,376566,1,0,1
745,1,3,1,0,5,0,0,18,3101288,0,0,1
746,0,1,2,0,6,1,1,33,5735,7,2,1
747,0,3,1,0,2,1,1,12,2673,2,0,1
748,1,2,4,1,5,0,0,0,250648,1,0,1
749,0,1,1,0,3,1,0,0,113773,5,4,1
750,0,3,1,0,5,0,0,0,335097,0,0,3
751,1,2,4,1,0,1,1,0,29103,2,0,1
752,1,3,3,0,1,0,1,0,392096,1,5,1
753,0,3,1,0,5,0,0,0,345780,0,0,1
754,0,3,1,0,3,0,0,0,349204,0,0,1
755,1,2,5,1,6,1,2,0,220845,6,0,1
756,1,2,3,0,0,1,1,0,250649,1,0,1
757,0,3,1,0,5,0,0,0,350042,0,0,1
758,0,2,1,0,3,0,0,0,29108,1,0,1
759,0,3,1,0,5,0,0,0,363294,0,0,1
760,1,1,5,1,5,0,0,0,110152,8,2,1
761,0,3,1,0,7,0,0,0,358585,1,0,1
762,0,3,1,0,6,0,0,22,3101272,0,0,1
763,1,3,1,0,3,0,0,0,2663,0,0,2
764,1,1,5,1,5,1,2,0,113760,9,2,1
765,0,3,1,0,2,0,0,0,347074,0,0,1
766,1,1,5,1,6,1,0,0,13502,7,4,1
767,0,1,2,0,7,0,0,0,112379,3,0,2
768,0,3,4,1,5,0,0,0,364850,0,0,3
769,0,3,1,0,7,1,0,0,371110,2,0,3
770,0,3,1,0,5,0,0,0,8471,0,0,1
771,0,3,1,0,4,0,0,0,345781,0,0,1
772,0,3,1,0,6,0,0,0,350047,0,0,1
773,0,2,5,1,6,0,0,34,3,1,5,1
774,0,3,1,0,7,0,0,0,2674,0,0,2
775,1,2,5,1,6,1,3,0,29105,2,0,1
776,0,3,1,0,3,0,0,0,347078,0,0,1
777,0,3,1,0,7,0,0,0,383121,0,6,3
778,1,3,4,1,0,0,0,0,364516,1,0,1
779,0,3,1,0,7,0,0,0,36865,0,0,3
780,1,1,5,1,6,0,1,0,24160,9,2,1
781,1,3,4,1,2,0,0,0,2687,0,0,2
782,1,1,5,1,2,1,0,0,17474,5,2,1
783,0,1,1,0,5,0,0,0,113501,3,4,1
784,0,3,1,0,7,1,2,27,6607,2,0,1
785,0,3,1,0,4,0,0,32,3101312,0,0,1
786,0,3,1,0,4,0,0,0,374887,0,0,1
787,1,3,4,1,3,0,0,0,3101265,0,0,1
788,0,3,3,0,1,4,1,0,382652,2,0,3
789,1,3,3,0,0,1,2,12,2315,2,0,1
790,0,1,1,0,6,0,0,20,17593,7,2,2
791,0,3,1,0,7,0,0,0,12460,0,0,3
792,0,2,1,0,2,0,0,0,239865,2,0,1
793,0,3,4,1,7,8,2,12,2343,6,0,1
794,0,1,1,0,7,0,0,20,17600,3,0,2
795,0,3,1,0,4,0,0,0,349203,0,0,1
796,0,2,1,0,6,0,0,0,28213,1,0,1
797,1,1,2,1,6,0,0,0,17465,2,4,1
798,1,3,5,1,5,0,0,0,349244,0,0,1
799,0,3,1,0,5,0,0,0,2685,0,0,2
800,0,3,5,1,5,1,1,0,345773,2,0,1
801,0,2,1,0,5,0,0,0,250647,1,0,1
802,1,2,5,1,5,1,1,12,31921,2,0,1
803,1,1,3,0,1,1,2,0,113760,9,2,1
804,1,3,3,0,0,0,1,0,2625,0,0,2
805,1,3,1,0,4,0,0,0,347089,0,0,1
806,0,3,1,0,5,0,0,0,347063,0,0,1
807,0,1,1,0,6,0,0,0,112050,0,1,1
808,0,3,4,1,3,0,0,0,347087,0,0,1
809,0,2,1,0,6,0,0,0,248723,1,0,1
810,1,1,5,1,5,1,0,0,113806,5,5,1
811,0,3,1,0,4,0,0,0,3474,0,0,1
812,0,3,1,0,6,0,0,30,48871,2,0,1
813,0,2,1,0,5,0,0,0,28206,1,0,1
814,0,3,4,1,1,4,2,0,347082,3,0,1
815,0,3,1,0,5,0,0,0,364499,0,0,1
816,0,1,1,0,7,0,0,0,112058,0,2,1
817,0,3,4,1,3,0,0,18,3101290,0,0,1
818,0,2,1,0,5,1,1,1,2079,3,0,2
819,0,3,1,0,6,0,0,9,7075,0,0,1
820,0,3,3,0,1,3,2,0,347088,2,0,1
821,1,1,5,1,6,1,1,0,12749,9,2,1
822,1,3,1,0,4,0,0,0,315098,0,0,1
823,0,1,2,0,6,0,0,0,19972,0,0,1
824,1,3,5,1,4,0,1,0,392096,1,5,1
825,0,3,3,0,0,4,1,0,3101295,3,0,1
826,0,3,1,0,7,0,0,0,368323,0,0,3
827,0,3,1,0,7,0,0,0,1601,5,0,1
828,1,2,3,0,0,0,2,1,2079,3,0,2
829,1,3,1,0,7,0,0,0,367228,0,0,3
830,1,1,5,1,6,0,0,0,113572,8,2,0
831,1,3,5,1,2,1,0,0,2659,1,0,2
832,1,2,3,0,0,1,1,0,29106,1,0,1
833,0,3,1,0,7,0,0,0,2671,0,0,2
834,0,3,1,0,3,0,0,0,347468,0,0,1
835,0,3,1,0,3,0,0,0,2223,0,0,1
836,1,1,4,1,6,1,1,20,17756,8,5,2
837,0,3,1,0,3,0,0,0,315097,0,0,1
838,0,3,1,0,7,0,0,0,392092,0,0,1
839,1,3,1,0,5,0,0,0,1601,5,0,1
840,1,1,1,0,7,0,0,0,11774,2,3,2
841,0,3,1,0,3,0,0,22,3101287,0,0,1
842,0,2,1,0,2,0,0,34,3,1,0,1
843,1,1,4,1,5,0,0,0,113798,3,0,2
844,0,3,1,0,5,0,0,0,2683,0,0,2
845,0,3,1,0,2,0,0,0,315090,0,0,1
846,0,3,1,0,6,0,0,12,5547,0,0,1
847,0,3,1,0,7,8,2,12,2343,6,0,1
848,0,3,1,0,5,0,0,0,349213,0,0,2
849,0,2,2,0,5,0,1,0,248727,3,0,1
850,1,1,5,1,7,1,0,0,17453,8,3,2
851,0,3,3,0,0,4,2,0,347082,3,0,1
852,0,3,1,0,6,0,0,0,347060,0,0,1
853,0,3,4,1,1,1,1,0,2678,1,0,2
854,1,1,4,1,2,0,1,20,17592,3,4,1
855,0,2,5,1,6,1,0,0,244252,2,0,1
856,1,3,5,1,3,0,1,0,392091,0,0,1
857,1,1,5,1,6,1,1,0,36928,9,0,1
858,1,1,1,0,6,0,0,0,113055,2,5,1
859,1,3,5,1,4,0,3,0,2666,1,0,2
860,0,3,1,0,7,0,0,0,2629,0,0,2
861,0,3,1,0,6,2,0,0,350026,1,0,1
862,0,2,1,0,3,1,0,0,28134,1,0,1
863,1,1,5,1,6,0,0,0,17466,2,4,1
864,0,3,4,1,7,8,2,12,2343,6,0,1
865,0,2,1,0,4,0,0,0,233866,1,0,1
866,1,2,5,1,6,0,0,0,236852,1,0,1
867,1,2,4,1,4,1,0,1,2149,1,0,2
868,0,1,1,0,5,0,0,20,17590,5,1,1
869,0,3,1,0,7,0,0,0,345777,0,0,1
870,1,3,3,0,0,1,1,0,347742,1,0,1
871,0,3,1,0,4,0,0,0,349248,0,0,1
872,1,1,5,1,6,1,1,0,11751,5,4,1
873,0,1,1,0,5,0,0,0,695,0,2,1
874,0,3,1,0,6,0,0,0,345765,0,0,1
875,1,2,5,1,5,1,0,11,3381,2,0,2
876,1,3,4,1,2,0,0,0,2667,0,0,2
877,0,3,1,0,3,0,0,0,7534,0,0,1
878,0,3,1,0,3,0,0,0,349212,0,0,1
879,0,3,1,0,7,0,0,0,349217,0,0,1
880,1,1,5,1,6,0,1,0,11767,8,3,2
881,1,2,5,1,4,0,1,0,230433,2,0,1
882,0,3,1,0,5,0,0,0,349257,0,0,1
883,0,3,4,1,3,0,0,0,7552,1,0,1
884,0,2,1,0,5,0,0,28,34068,1,0,1
885,0,3,1,0,4,0,0,32,392076,0,0,1
886,0,3,5,1,6,0,5,0,382652,2,0,3
887,0,2,2,0,4,0,0,0,211536,1,0,1
888,1,1,4,1,3,0,0,0,112053,3,2,1
889,0,3,4,1,7,1,2,27,6607,2,0,1
890,1,1,1,0,4,0,0,0,111369,3,3,2
891,0,3,1,0,5,0,0,0,370376,0,0,3
